name,email,birthday
Amol,shindeamol4192@gmail.com,08-08-1995
Deepak,r87loki@gmail.com,23-11-1995
Rohit,rohit.kumar@gmail.com,15-01-1994
Sneha,sneha.patil@gmail.com,02-03-1996
Amit,amit.sharma@gmail.com,19-06-1993
Priya,priya.verma@gmail.com,27-09-1995
Rahul,rahul.mehta@gmail.com,11-12-1992
Neha,neha.singh@gmail.com,05-04-1997
Kunal,kunal.jain@gmail.com,21-07-1994
Pooja,pooja.desai@gmail.com,30-10-1996
Arjun,arjun.nair@gmail.com,14-02-1993
Anjali,anjali.kulkarni@gmail.com,09-05-1998
